,"30% Minimum System Storage (GL), 40% Total Cost ($ million), 30% Total Spill Volume (GL) Distance","60% Minimum System Storage (GL), 30% Total Cost ($ million), 10% Total Spill Volume (GL) Distance","20% Minimum System Storage (GL), 50% Total Cost ($ million), 30% Total Spill Volume (GL) Distance","33% Minimum System Storage (GL), 33% Total Cost ($ million), 33% Total Spill Volume (GL) Distance"
0,1.11272762872,0.702282389069,1.23238669627,1.06116423281
1,0.309772309454,0.445202672485,0.254708184459,0.327880310421
2,1.08013041003,0.684364001921,1.17614019739,1.04860791595
3,0.575936563846,0.650218028573,0.584644723312,0.547227622473
4,0.99550848015,0.664319159749,1.09274909668,0.953799559586
5,0.941798866063,0.676827288225,1.0578798338,0.871788856321
6,0.698575961075,1.03512098947,0.56068041721,0.729585726526
7,0.784629635915,0.560199865453,0.856360386862,0.752085504189
8,0.793683636791,0.933804869037,0.784225768712,0.760340724777
9,0.286942726173,0.323850747526,0.251130618736,0.30787301497
10,0.968275660644,0.631497343291,1.05760042425,0.935384876684
11,0.69781705434,0.996485098895,0.587824702967,0.715605576264
12,1.13559315309,0.709017945544,1.24932754808,1.09176071692
13,0.757749688546,0.551960893199,0.831846115633,0.72036790774
14,0.708022597253,0.979594369088,0.615881055536,0.717313676719
15,1.20862833654,0.731964236912,1.32082550427,1.17286990451
16,1.14922966334,0.714696511655,1.26089477328,1.10832321192
17,0.974367181301,0.630939334783,1.06140076543,0.944528650798
18,0.365196292142,0.351062500416,0.363780561399,0.366020958161
19,0.359228213271,0.418535010468,0.350149581845,0.353167687492
20,1.12314701167,0.70827622577,1.23459209148,1.07972987432
21,0.861690689819,0.975103964525,0.873055669229,0.813629852176
22,0.768579291353,0.540626683735,0.82776187115,0.748044819144
23,0.715856953129,0.52519644615,0.776014213331,0.689064884337
24,1.16780426573,0.7154976897,1.27476479202,1.13375965303
25,0.900748007245,0.587557313095,0.98161396948,0.872931306776
26,1.07095124038,0.685661828654,1.17024334698,1.03489304792
27,0.743747037631,0.532356285796,0.800473101446,0.723000574873
28,0.299509041718,0.350468233496,0.267819365965,0.314478351263
29,0.639434375679,0.685276975464,0.666011330776,0.599199524756
30,0.696160913744,1.00862901295,0.575493726055,0.719294793068
31,0.870732057275,0.975075140091,0.887140188265,0.819870409008
32,0.74777058513,0.93486177004,0.712727563696,0.727528509241
33,0.633121522338,0.475480042684,0.677820148043,0.615645972523
34,0.724755011405,0.935336168246,0.674585596679,0.712780189027
35,0.493517471799,0.61349109836,0.467398166171,0.487220966801
36,0.54003618253,0.432619459532,0.569853297082,0.52822914973
37,0.568416368036,0.46782446023,0.611164596625,0.543739218322
38,0.266587666256,0.323462106674,0.240022032565,0.276800490627
39,0.299690692583,0.34573869723,0.268011718157,0.315522462364
40,0.698331596317,0.985473328304,0.593091533678,0.714907838097
41,0.848756794793,0.564168350223,0.921007384356,0.824812366847
42,0.441148154929,0.400241271007,0.455584079233,0.432290937783
43,0.449505391234,0.399102751092,0.463695001628,0.442409336208
44,0.88616220622,0.682607582663,0.995856009889,0.812087520704
45,0.748992570771,0.535306638235,0.80668702892,0.727692056894
46,0.406076145398,0.567602111702,0.348296043938,0.41945467742
47,0.913151620224,0.64099563795,1.01746706373,0.856392303863
48,1.16078193391,0.713653111771,1.26660490494,1.12707443373
49,1.06648816223,0.693558703051,1.18598349123,1.00966462359
50,0.582510301273,0.649566486081,0.595263802936,0.551582725277
51,0.27945444899,0.348001264742,0.234249169969,0.302402790522
52,0.692799977631,0.994128412419,0.575664369168,0.715763641938
53,0.836789427538,0.964792725536,0.839245501676,0.794245222017
54,0.822022498907,0.91310278674,0.839446867145,0.774853977884
55,0.443290492356,0.416147924635,0.477005749513,0.415325532544
56,0.713863994367,0.539701299503,0.792220587283,0.667866576646
57,0.693731404787,0.529015428727,0.769961601636,0.648376270931
58,0.651848218682,0.50968261352,0.709438750552,0.619991274315
59,0.907923996159,0.6910155106,1.0198503236,0.833680626743
60,0.786188886188,0.658469682259,0.881733206031,0.713528541076
61,0.460357107303,0.400580545667,0.475212076188,0.454181825619
62,0.37214238003,0.532231212176,0.309076336836,0.390752960265
63,0.47805846569,0.718599849567,0.383828030711,0.502790193619
64,0.687356180264,1.02641493458,0.542642559429,0.723437400675
65,0.495860686548,0.630742321819,0.466981031692,0.488823164518
66,0.570225258107,0.480590782195,0.619948372956,0.537393872419
67,0.310322976727,0.357781653116,0.301278755137,0.307203511069
68,0.452190874726,0.614109592939,0.403840830542,0.456810831176
69,0.735231404304,0.928104809098,0.691757915699,0.721201290893
70,0.694518997084,0.989240180016,0.584631980873,0.713213196663
71,1.03095618557,0.682271909281,1.14704737322,0.973946548701
72,0.729037952827,0.945123487604,0.673314276207,0.720294454793
73,0.742527458728,0.91944252796,0.708102812931,0.724156736621
74,0.249905041785,0.355797376419,0.202151578001,0.268583721868
75,0.761796582481,0.922634322049,0.737995589641,0.737301284566
76,0.442240586889,0.587595310015,0.396956261868,0.447879601394
77,1.13592768258,0.701906441792,1.23870044455,1.10340057989
78,0.681337746944,0.559313724073,0.74849170308,0.636575210572
79,0.508266455052,0.429680523371,0.534162257013,0.495265311514
80,0.645860463924,0.555293479793,0.718681614702,0.590734752042
81,0.259168818573,0.359393392414,0.216783106792,0.274439824784
82,0.671712949461,0.532081460969,0.747510905157,0.622588624806
83,0.683312377066,0.554832642411,0.75305278085,0.637369405202
84,0.31489226178,0.358389124876,0.307392885372,0.311143682327
85,1.18533400284,0.729093226032,1.30290419768,1.14175051907
86,0.74873203959,0.952988236335,0.70338488666,0.733312826866
87,0.804253661708,0.556840435962,0.876131979565,0.775184930215
88,0.882499644013,0.972692836963,0.90678940233,0.827285582877
89,0.272507836909,0.335665362598,0.250139003566,0.278077821721
90,0.938607991752,0.681836070181,1.05348316383,0.868298350645
91,0.47532433995,0.599545895342,0.444710273354,0.472339324794
92,0.711690117312,0.935621981502,0.646450027241,0.709616218127
93,0.671346981051,0.635291644856,0.728717983191,0.61910740577
94,0.791992317285,0.934876282656,0.780917979111,0.759497984149
95,0.716362610661,0.970051307472,0.635618765672,0.720170301738
96,0.67290073621,0.98984317366,0.541185944849,0.704426892422
97,0.272387344653,0.357709362746,0.223677251646,0.295229056485
98,0.740713841016,0.924764147861,0.7021487663,0.724322480228
99,0.479078293488,0.724082587499,0.381847870859,0.505218225477
100,0.713170073927,0.54207300042,0.787064819909,0.670677927609
101,0.697100113932,1.02448827701,0.56311144745,0.727196002864
102,1.016408946,0.676999700471,1.1266472066,0.963614588014
103,0.482623853871,0.441481287342,0.521054708616,0.452431158117
104,1.21242506106,0.7333398753,1.32943231764,1.17255527185
105,0.670112915066,1.00177687529,0.528316840729,0.706229028629
106,0.717520762323,0.950598618895,0.652334410397,0.713210270899
107,0.508545166359,0.613734043942,0.491554730727,0.497205712569
108,0.786605686777,0.93601449939,0.771935441306,0.755963609376
109,0.268880106247,0.357012848368,0.228437522573,0.284651176448
110,0.607513801142,0.6274127549,0.639294413964,0.568725448903
111,0.893276277666,0.680677726578,0.999391051513,0.824189347862
112,0.430890986003,0.416169654967,0.459410142189,0.405360937558
113,0.980220416945,0.686987499624,1.09584957655,0.914886280501
114,1.0942169706,0.695988406114,1.20205641614,1.05199001979
115,0.801582505191,0.553910923494,0.866073895875,0.779118970694
116,0.977864562203,0.661035444916,1.08418276156,0.925678080525
117,0.861390100083,0.974583514425,0.870662314987,0.815237519766
118,0.711126390028,0.977902697168,0.62145403187,0.719393980643
119,0.446213537034,0.453612779003,0.466484816006,0.423414058171
120,0.711270370359,0.937638668626,0.644453491695,0.709963610352
121,0.680385464203,0.958839041967,0.574567669682,0.699944396762
122,0.886991637651,0.607750855287,0.977728211153,0.844694772273
123,0.293247250279,0.374417105428,0.265145489749,0.29991997031
124,0.298714942249,0.356463008816,0.283660481877,0.298871958165
125,0.832049836541,0.945838671369,0.83835977198,0.78940774288
126,0.684632328875,1.01622208399,0.545755449653,0.718006658868
127,0.509475367169,0.636169628437,0.484146409154,0.500792298555
128,0.699963180701,1.01478679467,0.573358935869,0.727039217275
129,0.505853530208,0.603613371878,0.49011462154,0.49500084825
130,0.707266202616,0.968369235572,0.621217684737,0.71402117673
131,0.849419971778,0.566818774891,0.92348538354,0.823520351755
132,0.699785295257,0.934803629383,0.627052313779,0.701785686048
133,0.628618659895,0.662444775239,0.658872731076,0.587849615325
134,0.821319064384,0.939143146432,0.821644453973,0.783398356522
135,0.863567889581,0.926790131337,0.897898564874,0.805861752105
136,1.19027079707,0.728126456401,1.29914402724,1.15556797934
137,1.11513567646,0.703199690686,1.23070782593,1.06759095307
138,0.424153075312,0.602533119002,0.360771618783,0.438300801196
139,0.913536899129,0.66007734334,1.01467139848,0.856309823773
140,0.275368364676,0.364392913323,0.219392453327,0.303256083861
141,1.10657475983,0.700091665454,1.22639984399,1.05432226146
142,0.848610296315,0.976642396981,0.852019485183,0.804803514155
143,0.711166520427,0.980880347537,0.619819085079,0.720122050328
144,1.05717201963,0.684727438341,1.17184996523,1.00504074269
145,0.67562622439,0.993316525721,0.54513556501,0.70594968203
146,0.262301938976,0.37716865129,0.205811070345,0.286125830246
147,0.650751104919,0.514820738659,0.708466505857,0.617676069137
148,0.696876747502,0.531622222535,0.759884856076,0.663436472448
149,0.678978064538,0.983324501893,0.558125027474,0.704661582028
150,0.448113005242,0.611626900535,0.398268262326,0.453727532197
151,1.14232627329,0.706663054956,1.24732887221,1.10789032751
152,0.931369447434,0.641704586501,1.03117291978,0.881527720556
153,0.420650856046,0.642526499565,0.328322852206,0.449140407527
154,1.12201511703,0.699605967021,1.22424135111,1.08836183982
155,0.684931509526,0.523771931525,0.740428874408,0.657641443039
156,0.371647410309,0.383973142758,0.378865045824,0.360377754671
157,1.20861447649,0.731696930219,1.32027703908,1.17338859735
158,0.701064822337,0.533672486396,0.770392653258,0.662277559063
159,0.739992421808,0.907029734564,0.71035264505,0.719822322748
160,0.81120289436,0.918173207937,0.819588727055,0.768938424631
161,1.10734749322,0.691727493985,1.20731235475,1.07495769983
162,0.78500643157,0.553570491932,0.866831316288,0.744641566423
163,0.537022455516,0.644562349313,0.526162171147,0.519345214601
164,0.280046374356,0.359691095849,0.231239060764,0.303871644047
165,0.805086036002,0.552469665232,0.870372689618,0.782704903308
166,0.358728010145,0.348288530621,0.355230195903,0.360717926104
167,1.16663729823,0.72270498601,1.28440360625,1.12124561986
168,0.689122412076,0.519404527871,0.746593076569,0.661538144891
169,0.995420847205,0.654338852909,1.09153616614,0.956475592911
170,1.11989885406,0.705387708815,1.23923832215,1.06915828488
171,1.19287158455,0.723945994079,1.30711653902,1.15433331841
172,1.13748903625,0.706314011433,1.24695007045,1.09833818591
173,1.05249374459,0.673988448876,1.1566123623,1.01132798222
174,0.724766806429,0.949445794481,0.662592241708,0.719582228715
175,0.267943041592,0.340320764796,0.228275639802,0.285945172284
176,0.487645236436,0.425215137671,0.516915579066,0.469225728521
177,0.618660371452,0.468576367334,0.660357303024,0.602723445836
178,0.56123916722,0.457511802345,0.605697040294,0.535773977698
179,0.663716112305,0.674383438811,0.703971948346,0.617787863749
180,0.667005165855,0.999636251167,0.525573898672,0.702742683534
181,0.450117332116,0.581414373571,0.411008271667,0.453301615947
182,0.504779525408,0.641047695122,0.472842923589,0.499782079071
183,0.514361735432,0.635770128688,0.491672172653,0.504415423924
184,1.12223951983,0.695250059238,1.22440998704,1.08941172681
185,0.542168080423,0.611995802157,0.543761616548,0.521306682616
186,0.544167590467,0.645999706879,0.536413064884,0.52482597177
187,0.732799448582,0.533121190509,0.788210385574,0.711384453002
188,0.670907292653,0.995324967612,0.535101032555,0.704006171501
189,0.659773354152,0.518107915111,0.723273661435,0.622404185995
190,0.912678434156,0.650388005037,1.01360501555,0.857293511411
191,0.711010606665,0.550633907133,0.793774272221,0.658486218837
192,0.343223652902,0.337485864991,0.327359265657,0.354749363676
193,1.23504897498,0.741132924206,1.35090718689,1.19815662823
194,0.697245532459,0.98661818273,0.591044909544,0.714125523099
195,0.433154607197,0.673117100573,0.329095863089,0.466838631701
196,1.06529221052,0.686815803097,1.17782494848,1.01601789641
197,0.781845802099,0.565150666076,0.852770281971,0.748709439602
198,0.503420817286,0.431159530105,0.535923719493,0.483712537667
199,0.704477107486,0.989181716936,0.603036926941,0.718375738596
200,1.12753895268,0.709452835336,1.24647274512,1.07760154264
201,0.416652033456,0.652909946085,0.316609824993,0.44837509431
202,0.702555706117,1.00033844639,0.591171311863,0.721459344048
203,0.26015021493,0.356100568284,0.205870597906,0.285676811104
204,1.07396669437,0.680544114278,1.16889436174,1.04317259944
205,0.421988715911,0.62924495264,0.336433792928,0.448050029386
206,1.1054648584,0.699799482059,1.21221865596,1.06523238961
207,0.408569307341,0.56656550229,0.351403243491,0.422089930523
208,0.6856959556,0.961772007262,0.583806242182,0.702501994597
209,1.01523404407,0.662706610386,1.11264239329,0.976614493237
210,0.375696010894,0.374214801016,0.374191665506,0.374184893474
211,0.291492221197,0.409948834878,0.228093966955,0.319664557245
212,0.57731339826,0.650944954284,0.58736725342,0.547533725181
213,0.843830058312,0.571370545549,0.914069356081,0.819678267945
214,1.03034670981,0.668957060583,1.13036654229,0.990511625006
215,0.531119349798,0.642774942833,0.515706140313,0.516609501641
216,0.507862427894,0.638396575818,0.477992047702,0.502226311302
217,0.428589742319,0.402609496827,0.441428684111,0.418608868675
218,0.286487395049,0.353661628466,0.25321251938,0.300016048456
219,0.67727401026,0.990015677878,0.550674387033,0.705624791874
220,0.694270234318,0.680000537486,0.744995248734,0.64311915462
221,0.406070593773,0.562244524598,0.349258566384,0.419716829211
222,0.440953463202,0.424111947718,0.466529642203,0.418196918466
223,0.685527794355,0.942946836708,0.598483254844,0.694638066947
224,0.730857127375,0.53821105738,0.794344798591,0.701163367908
225,1.16861584178,0.720518376842,1.27552886012,1.13387723752
226,1.082682572,0.68163464528,1.17944981737,1.05131599626
227,0.33498830204,0.340898439585,0.318231962509,0.345319616992
228,0.305809978221,0.344206537245,0.275979178329,0.321421953336
229,1.03155267208,0.685318600414,1.15123056971,0.970687794195
230,0.824893566859,0.558778766991,0.901126634432,0.794764010319
231,0.28268736635,0.358895978764,0.256157439433,0.289142086092
232,0.748669825158,0.538500511953,0.811825766635,0.721982010442
233,0.697355688386,0.987303223927,0.587873838074,0.716679146846
234,0.851402416584,0.567707803904,0.920711945543,0.82982822011
235,0.693774973314,0.938282076325,0.613350566608,0.700111528857
236,0.587462145994,0.45101847657,0.625719861003,0.572675696204
237,0.513539302386,0.427370437199,0.54665670465,0.495617765683
238,0.801525769056,0.554749164811,0.877231057355,0.769004465323
239,0.497203381963,0.42643819382,0.518204110183,0.48716261451
240,1.01053078652,0.676341982491,1.12976270324,0.948464621309
241,0.80323316298,0.927493752831,0.800979710766,0.766778716924
242,0.425868451207,0.601132017895,0.366367179205,0.437477486853
243,1.11479175851,0.703782887116,1.22131064896,1.07545569544
244,0.554844785724,0.649948117194,0.550346088222,0.533819000522
245,0.979686794562,0.658984217552,1.0835410348,0.930436395524
246,0.344667404362,0.3400016863,0.325544434247,0.358629871544
247,0.421038591389,0.641647086073,0.334495655748,0.445234411726
248,0.600023253273,0.657751714376,0.616373180386,0.567399733477
249,0.492270970954,0.419396874514,0.512739766654,0.483139902942
250,0.284565582312,0.328537730598,0.25674147493,0.297861203709
251,0.453082319311,0.684978559623,0.362063547402,0.477715279121
252,0.871132657412,0.579851678574,0.953566078931,0.838811513954
253,0.715057280291,0.973296438117,0.631504040873,0.720167754906
254,0.307566180963,0.336542795311,0.297961376041,0.30831041151
255,0.745669532007,0.531948247241,0.803085544497,0.724687759348
256,1.00978908216,0.661411933213,1.10757059516,0.970242402071
257,0.71020269693,0.972763607521,0.622279567164,0.718032152897
258,0.68612755555,0.949512021907,0.593968141562,0.697989695779
259,0.783019956194,0.546490968871,0.846295059433,0.7600919272
260,0.257343542419,0.344490457052,0.220211248295,0.27078632879
261,0.878913770369,0.688031804204,0.985356693167,0.805709701184
262,0.6734078138,1.00131707158,0.535489528541,0.707267225632
263,1.20648537732,0.732650304028,1.3189651858,1.17004428768
264,0.560896042559,0.645719611309,0.563148774736,0.536008836776
265,0.712434196676,0.917418544908,0.660029879958,0.703937932807
266,0.785369097321,0.554623786141,0.856622776761,0.754347588522
267,0.679581022342,0.974759785314,0.563852125579,0.703266935648
268,0.972969413713,0.630466565987,1.06099198732,0.942120669695
269,0.69698574653,0.920112878959,0.62906225742,0.697762075352
270,0.568923987991,0.643056064105,0.574266244412,0.543330308675
271,0.689094094602,0.934956988422,0.60548885118,0.697841538639
272,0.787154719874,0.548158707306,0.861186152055,0.755074509978
273,0.419168708508,0.64360934624,0.327868086482,0.446377432293
274,0.279647308154,0.371570653024,0.244251812822,0.290488453136
275,0.521557996066,0.432294888598,0.54585859274,0.511567695464
276,0.262283111095,0.38401081479,0.207845165173,0.283217693165
277,1.06910815338,0.68916519992,1.18691003089,1.01506058039
278,0.857575065686,0.562828651449,0.933089346595,0.832300582411
279,0.826106411019,0.686628011838,0.926168584495,0.750370250988
280,1.21236061621,0.733926555001,1.32588036011,1.17559181514
281,0.294538185434,0.345678796912,0.278073146839,0.297127488299
282,0.268973952339,0.329127540469,0.241459361446,0.279338319277
283,0.688239375706,0.939114762565,0.602565814109,0.69758255988
284,1.11195245803,0.704216050507,1.23247385078,1.05912292616
285,0.333037756843,0.388544612627,0.275634088553,0.36710480069
286,0.747138107136,0.941743433178,0.707905604918,0.728787175265
287,0.930563554797,0.675026773642,1.0478390136,0.85792186286
288,0.576370115549,0.650075171164,0.585553593376,0.547354757818
289,0.748095589215,0.55160397243,0.832616122669,0.699791685385
290,1.09835525186,0.701564547879,1.21887816327,1.0439545003
291,1.18055967952,0.722595266608,1.28851749193,1.14623572759
292,1.09973393673,0.687390396848,1.19885682508,1.06773927806
293,1.17234094673,0.724494799957,1.2801840987,1.13661363295
294,1.11951817326,0.695250697447,1.22086377392,1.08704322483
295,1.10594495941,0.699557165407,1.21460966431,1.06406979964
296,1.12525076759,0.705981154163,1.23565077738,1.08350452148
297,0.382135365705,0.387883209293,0.393793262877,0.36813765174
298,1.04915632233,0.691453900967,1.16871501385,0.99000474794
299,1.13158078066,0.699071456091,1.23471319981,1.09858191793
300,0.439402601256,0.444008669642,0.461498729275,0.415676015602
301,0.551997623996,0.611766715677,0.561268004525,0.526303097018
302,0.882438981518,0.576593219517,0.95987594072,0.856814834005
303,0.715095625314,0.926257076788,0.655599511114,0.710988055975
304,0.537304741907,0.640052955944,0.525326893019,0.521531457289
305,0.297754502681,0.346778070316,0.248359376992,0.327194105961
306,0.421615293561,0.662177348538,0.320669265262,0.453053133486
307,0.427478078993,0.600434728076,0.369575179822,0.438220158474
308,0.426866184378,0.672944642876,0.321857932895,0.460213658627
309,0.741440137385,0.775939413749,0.780796737207,0.689235857796
310,0.696420304799,1.02373382472,0.564233298799,0.725171390535
311,0.992264330227,0.639165877094,1.08179361977,0.961422629978
312,0.28197772682,0.358087331512,0.232709273183,0.306771475214
313,0.302857572425,0.334878370136,0.257924279624,0.3316601682
314,0.301738246945,0.338556193907,0.271296361838,0.318177935314
315,0.493558492103,0.638104117688,0.454713785814,0.492877583996
316,0.700151818631,1.00123863257,0.588730359149,0.718441899995
317,1.07878454583,0.682022673353,1.17435459852,1.04786204077
318,1.16645703289,0.717141384158,1.27290598775,1.1324046278
319,0.754559292623,0.920598913438,0.728667652009,0.730952420495
320,0.787463347967,0.951402937553,0.764412585077,0.760774015418
321,0.706437360337,0.523594525831,0.762290250314,0.682234250125
322,0.554851329314,0.6478751,0.55152580692,0.533243130974
323,0.825037346801,0.562153515013,0.904990438613,0.791022332342
324,0.298841376073,0.351456396162,0.265792030587,0.314620999476
325,0.558267144287,0.648057853261,0.557976349754,0.534627450873
326,0.535303280233,0.646211061538,0.517403725377,0.522931602373
327,0.63951921801,0.532487240696,0.713618401363,0.586513034976
328,0.291059265832,0.338404784595,0.255231545988,0.310114379494
329,0.699758888862,0.9899386605,0.595786624376,0.714617489301
330,0.88706399618,0.609671001022,0.978789482778,0.843535056626
331,0.702621398543,0.941981960204,0.627773776228,0.705288448647
332,0.248048261203,0.358601795221,0.195738636253,0.269542679517
333,0.712666792701,0.947384741319,0.646671835925,0.708824720024
334,0.769483568384,0.559298258125,0.853103398814,0.724014995514
335,1.05400635634,0.680211413909,1.15322756406,1.01645520325
336,0.958210120216,0.673504652837,1.07021400426,0.895338421638
337,0.693493417711,1.01663004594,0.565969158156,0.719679118734
338,0.918856040922,0.638222021568,1.02121211548,0.86532725469
339,0.716142089505,0.961261964407,0.639829490331,0.71826656986
340,0.725175690792,0.935563476838,0.675220551951,0.713051407062
341,0.411948601503,0.402477646978,0.427914699883,0.396586307748
342,0.263717111662,0.355923989051,0.212252989775,0.287634231945
343,0.953020059585,0.648853484535,1.04956655858,0.908230675514
344,0.73741445266,0.930125522353,0.691901010602,0.725037304364
345,0.674619207205,0.97422356445,0.556273117007,0.699548598945
346,0.330320199381,0.337891056016,0.314044048573,0.340034147692
347,0.783389540979,0.558448093825,0.854687316548,0.751348675458
348,0.820322033556,0.565675433226,0.900038970523,0.785178498604
349,1.02844554826,0.685639037659,1.146684329,0.968410610505
350,0.399609194605,0.617812102191,0.306208539167,0.430168610544
351,1.07223277098,0.683310259955,1.17396756632,1.03454816752
352,0.534863568792,0.433262173904,0.557316402304,0.528363730071
353,0.944745365205,0.974922448236,0.99617310859,0.87571557131
354,0.774021830899,0.930307173874,0.756238387068,0.744978234683
355,0.694606162529,1.02408137315,0.56093008258,0.724091151253
356,0.293604015174,0.330820575772,0.2791522081,0.297062983537
357,0.438296637022,0.623245216848,0.372466764454,0.452768160667
358,0.720058617331,0.926796732657,0.667685688264,0.710898882438
359,0.373742545796,0.526493305394,0.315252513549,0.390079890186
360,0.444400025533,0.687953178663,0.334841630207,0.481323415207
361,0.706815786209,1.0185905856,0.583439926458,0.731815886514
362,0.88742839471,0.634924616143,0.985817854809,0.833253687209
363,0.715045922951,0.967140460012,0.633707715832,0.719726143718
364,0.425196745073,0.383591271835,0.434714371856,0.42085676176
365,0.808094065674,0.556197563201,0.874108008587,0.784886513315
366,0.431720108921,0.381438082957,0.439944519279,0.429886340058
367,0.854079136753,0.568965458525,0.925711496338,0.830651243458
368,0.715863835411,0.947182433855,0.651984602713,0.710929183271
369,0.761303663041,0.541979667277,0.839382839588,0.722682223197
370,0.818459921457,0.769701425328,0.894060213269,0.747825137594
371,0.973541317456,0.663320807558,1.08057589821,0.919608004174
372,0.871501889683,0.605203061741,0.961561916432,0.827886049083
373,0.286394281344,0.370808103385,0.255738452155,0.294659031512
374,1.0323264723,0.656905969743,1.1242412797,1.00219501804
375,0.527333103088,0.426158488789,0.555742599134,0.51585122445
376,0.702431081262,0.710833410612,0.751748342776,0.647715602192
377,0.856240668097,0.638072683787,0.961395938502,0.790102860936
378,0.426778725547,0.639126398871,0.345993566747,0.447949215453
379,0.70359409871,0.989991589669,0.601011968304,0.718052708971
380,0.293617173166,0.351985010898,0.242691364873,0.322687472267
381,0.520317140806,0.429538652968,0.544986146354,0.510303843722
382,0.824719986434,0.716718149513,0.918933168091,0.74832267716
383,0.781766715455,0.545831103653,0.854843300024,0.750116341333
384,0.310017191533,0.348580325927,0.277870106086,0.327404437192
385,0.694393793102,0.929772140385,0.620752824688,0.697232553853
386,0.706563776734,0.559263208007,0.776168711355,0.663722083061
387,0.829597991286,0.581833050724,0.915518350697,0.787423988614
388,0.555458701728,0.491873420663,0.610377212598,0.513424594191
389,0.714024505964,0.960592471076,0.638890669891,0.714955181701
390,0.420525635553,0.599556440669,0.359300823465,0.432896314489
391,0.838105905057,0.566973356104,0.918838022564,0.804543857887
392,0.670964138523,0.521558298411,0.746718537431,0.623711715676
393,0.750937672464,0.781654037331,0.79220729748,0.697509843993
394,0.710387331044,0.992825362391,0.610704205192,0.723184931919
395,1.09256380088,0.686792285432,1.19002455231,1.06112921989
396,0.329623462552,0.343424149676,0.31167931636,0.339610292902
397,0.706975236604,1.01416368941,0.585792639453,0.73128076744
398,0.710358822194,0.955458377102,0.636772267365,0.710488255538
399,0.41326515069,0.367401845753,0.417779356324,0.41402979429
400,0.825617276198,0.953950666524,0.823343254693,0.787519929613
401,1.20886980012,0.733617427712,1.32112621544,1.17281114228
402,0.705846692073,0.567646983799,0.774322221839,0.662352903457
403,0.695896673954,1.02930386337,0.560251679178,0.725975237627
404,0.771064151693,0.934090777773,0.751488741427,0.742181956314
405,0.337804250386,0.3904768447,0.280265447857,0.372398571061
406,1.18744172136,0.720218568079,1.29766380079,1.15244377891
407,1.11992498426,0.697031845265,1.22016472315,1.08820562796
408,0.872385715771,0.609293086944,0.964867931326,0.825958760435
409,0.720303599578,0.956608808461,0.649796593981,0.719515764674
410,0.855644725264,0.564709179825,0.929871800234,0.830895875487
411,0.71780751477,0.947402486524,0.653891811172,0.713212165098
412,0.569161976574,0.649010100321,0.575305272085,0.541717838978
413,0.388701286561,0.57276752925,0.318345714376,0.40809515428
414,0.499304244116,0.432643783625,0.531034665163,0.479324153815
415,1.09365078364,0.686546938636,1.19110320851,1.06242350925
416,0.692575790677,0.523426466867,0.74826644922,0.666379790355
417,0.714321660683,0.994881732652,0.616208825394,0.726149079558
418,0.630919423031,0.681581525275,0.653299863592,0.593635348241
419,0.285243944066,0.337854268002,0.24304145472,0.308539445876
420,0.624234205306,0.464650485668,0.667020023395,0.608912263156
421,0.852473868058,0.964898592313,0.861134375106,0.807346431674
422,1.01216658298,0.645959858824,1.10241128729,0.982448159948
423,0.810458882325,0.571317545167,0.895158052545,0.768292077215
424,0.728162007968,0.555398614546,0.810572308553,0.677878609566
425,0.267942132462,0.361775397792,0.212385327578,0.294746545375
426,0.993358223416,0.679974939987,1.11095632296,0.92950776242
427,0.249447087492,0.356692151955,0.203766829147,0.266222382874
428,0.703726025785,0.980678385218,0.60601460563,0.716408132517
429,0.585837038286,0.448843691011,0.622238734828,0.572763961587
430,1.10032985603,0.698620289331,1.22019279013,1.04736682492
431,0.922841968979,0.650603960027,1.02922728301,0.863906886754
432,0.698506369575,1.01392285555,0.57566155588,0.72259367122
433,1.17670379218,0.725415097231,1.28486061771,1.14116298421
434,0.558610738268,0.43625538265,0.592162523981,0.545908030603
435,0.686441382515,0.975169070349,0.574861806052,0.708058813517
436,0.577953567946,0.458921974532,0.621352857068,0.55583777447
437,0.681397687265,0.975944407159,0.564795823143,0.705836010731
438,0.457035788317,0.687040337862,0.344830074244,0.498370079566
439,0.576745200538,0.648995750727,0.586168718842,0.547806344852
440,0.995748356147,0.661684740402,1.09273684046,0.954769515825
441,0.56379873971,0.649982377848,0.563055043127,0.54113595982
442,0.428166419171,0.584010048689,0.375672446876,0.437908207502
443,0.542274807952,0.63863376771,0.534229455547,0.5243293699
444,0.445245135801,0.447490701643,0.464664684775,0.424167565499
445,0.697519460724,1.00632096134,0.579718843257,0.719183740793
446,0.88037114811,0.644977259411,0.98663463119,0.815804165361
447,0.327435369947,0.338028612668,0.309849411101,0.337725769547
448,0.526322506706,0.437804500237,0.56306602893,0.505466586305
449,0.259237292922,0.360354372842,0.217207734645,0.274056916846
450,0.474151141324,0.445087117252,0.512937131019,0.441539921509
451,0.828732309095,0.564485913058,0.898217252317,0.80416033136
452,0.669413994711,0.999642662366,0.528172321537,0.705447464169
453,0.83442851466,0.559344397465,0.904144162666,0.811394859988
454,0.749308149351,0.533120630074,0.805258697211,0.729951475102
455,0.430036944838,0.618082497348,0.365753498088,0.442846065029
456,0.857380418635,0.568785684632,0.924673662423,0.838272910484
457,0.421898764217,0.588544337432,0.363305474483,0.434572924125
458,0.326972114944,0.344326180379,0.310755739901,0.334958603127
459,0.70112049278,0.673909410214,0.760000897289,0.644953364357
460,0.707880000188,0.969739541871,0.623555373976,0.713067378373
461,0.695681145912,0.997054706263,0.58382600675,0.714409054759
462,0.703604801729,0.97841942257,0.609909831896,0.713575284369
463,0.721156689575,0.938390965801,0.666697670876,0.711393212743
464,1.17453723896,0.719307678629,1.28195755559,1.1403954531
465,0.548199201945,0.460893122349,0.591069292038,0.521392754298
466,0.414636093847,0.375814776304,0.421308806983,0.412347720754
467,0.413668902685,0.614369534992,0.334020895559,0.436576597565
468,0.707001689565,0.963573567317,0.622459081062,0.713552924344
469,0.89919597321,0.601886899931,0.986329022284,0.863058812449
470,0.799278614849,0.595272759704,0.891656786114,0.743916795403
471,0.243734643351,0.354813062382,0.192966534404,0.263965188724
472,1.12782926787,0.711740462487,1.24228032635,1.08171590471
473,0.986251305806,0.678185517522,1.10564371527,0.919896408694
474,0.321351561189,0.394017301688,0.300684769331,0.323052098806
475,0.698595045826,1.00413187153,0.582800852537,0.719377270514
476,0.644115866647,0.57562899192,0.712697881852,0.588650955939
477,0.403405803015,0.589820307025,0.329975208413,0.424451753644
478,0.776864285109,0.547489008535,0.839055147986,0.753774641096
479,0.532908879434,0.645858821158,0.517387486087,0.518184951796
480,0.334797001791,0.3409755695,0.321681547089,0.342110807386
481,0.582968932395,0.480631583929,0.633263787662,0.551711271654
482,0.481161362565,0.596362653807,0.454981515153,0.476150658431
483,0.61124912559,0.480770850454,0.660264197476,0.585647724836
484,0.382748545989,0.358114804896,0.384699811637,0.382374080521
485,0.715456859011,0.941136722025,0.655354476989,0.708680206304
486,0.825397635844,0.91678975277,0.844254607889,0.776773950555
487,1.19724606956,0.730632646403,1.31448413838,1.15543491027
488,0.572096224848,0.621093379702,0.586261567366,0.543822570793
489,0.678307327104,0.668994264289,0.726861155446,0.628547869365
490,0.702844849679,1.00252823067,0.589475329034,0.722871566759
491,0.695262368761,1.0272493971,0.561106693768,0.724534579629
492,0.756890028599,0.54099720158,0.824588906387,0.727024598409
493,1.12147832749,0.705643974082,1.23116083381,1.07989722528
494,1.04577610366,0.684107195049,1.15821448035,0.994126541758
495,0.737743514303,0.941501416474,0.689954951924,0.724840227551
496,1.19871190783,0.728367799918,1.31211036539,1.16103946236
497,0.273726994883,0.362339341176,0.23775359562,0.285731385217
498,0.685915894093,0.952696574902,0.591547559948,0.698798396983
499,0.42284334718,0.637137210005,0.339936858778,0.445395407639
500,0.73416212291,0.913222751822,0.697976337127,0.717083693291
501,0.604168809686,0.651065584698,0.6228467658,0.571588202833
502,0.893853115164,0.687434959893,1.00674215941,0.81702970563
503,0.268188372741,0.359668291596,0.217686097135,0.291408558152
504,0.734931579411,0.908355340281,0.702521911558,0.715880966324
505,0.761125017146,0.535240761391,0.819199247236,0.741354466336
506,0.437066810749,0.409341170048,0.464872163672,0.414459914464
507,0.471097716869,0.592896284995,0.437902917861,0.470816800279
508,0.461632262194,0.608360758535,0.418896803723,0.464472054041
509,0.498746063812,0.428186403749,0.523759554913,0.485233770526
510,0.715319727923,0.94113671541,0.655135389803,0.708584972729
511,0.8086045178,0.940258380235,0.802294555055,0.773872265085
512,0.713475094819,0.909184182521,0.662743033548,0.705566966192
513,0.492696160845,0.631691759088,0.457315417867,0.490294959851
514,0.630329974791,0.590735699145,0.686666084488,0.580736834967
515,0.780914839415,0.552938803254,0.847225256275,0.753876939213
516,0.787984894532,0.930467916199,0.777860178874,0.754898166726
517,0.857383122049,0.975469471891,0.865792639646,0.811057513936
518,0.521145573578,0.640131400012,0.500121483946,0.510124532774
519,0.697007463078,0.950387076313,0.612689887329,0.704422783457
520,0.706063952016,0.970994847332,0.619144527416,0.712718006091
521,0.718095766403,0.900685075551,0.676487367861,0.705311825369
522,0.719662814986,0.899930664301,0.678823148785,0.706686753788
523,0.857071925796,0.97683931275,0.864458178537,0.811288854545
524,1.15755542149,0.720857224478,1.27561309949,1.11088077229
525,0.819441074736,0.950500135085,0.816560950783,0.78149105163
526,0.3285939142,0.34605232815,0.310275614677,0.338254568326
527,1.11168948995,0.701309984931,1.2314808221,1.06001786165
528,0.733619380403,0.929188798465,0.693162562805,0.71654509499
529,0.438009493087,0.56581164501,0.398771914121,0.442252143831
530,0.74370072407,0.532385970264,0.798466218415,0.724644400636
531,0.324565712127,0.391501886672,0.307416719143,0.324369808425
532,0.764639336283,0.940428334316,0.73698771365,0.740054352112
533,0.589637779805,0.643887718619,0.606536067742,0.557500513465
534,0.285766111028,0.366479734471,0.240885187333,0.306190838693
535,0.725610616579,0.52970109002,0.782694074834,0.702229292076
536,0.73620747296,0.935918772333,0.691940063553,0.721316877869
537,0.744103693454,0.537698382047,0.809604852331,0.714783299178
538,0.350354326836,0.358867377418,0.351173426081,0.345491887926
539,1.04823579773,0.689432274581,1.16661223479,0.990426647456
540,0.691688344614,1.0190477852,0.561014735152,0.719436565396
541,0.265868442137,0.348645218984,0.225559839345,0.282544497009
542,0.692557732481,1.01227119365,0.567528482039,0.717604740203
543,0.841722361593,0.574749080421,0.926092851295,0.804080339664
544,0.982182075506,0.663672202815,1.09063129761,0.928197487523
545,0.699728194062,1.00464783008,0.585674883773,0.719245896544
546,0.293375846185,0.363313637126,0.27031691958,0.297977799691
547,0.992209600822,0.667263423025,1.1062640394,0.933858974817
548,1.07197291673,0.687482217423,1.18948765634,1.01892528479
549,0.562900643207,0.637835078633,0.567061034837,0.53831347267
550,0.70225869554,1.01179491742,0.582959028797,0.724755194954
551,0.349970210905,0.346654237476,0.341568330674,0.354873955316
552,0.905419058431,0.67043790334,1.02124309342,0.83094457113
553,1.02960478831,0.671931276041,1.13040986848,0.988422303202
554,0.280780439051,0.336624831754,0.238458928223,0.303662568959
555,0.852908519691,0.924870875827,0.87945851122,0.800687015905
556,0.713108862102,0.991078739151,0.617048397784,0.723924021166
557,1.20980583424,0.732614484445,1.32162350795,1.17445309474
558,0.466368528895,0.423849555145,0.486693983127,0.452378671906
559,0.933312550939,0.660123636239,1.05137695145,0.863159826294
560,1.05431930902,0.669532417422,1.14783921899,1.02380537503
561,0.721929827415,0.533727784793,0.798099490348,0.680298632569
562,1.03736533512,0.687308519831,1.15739405259,0.976703099031
563,0.517587984147,0.423801577248,0.543195935774,0.507356259156
564,1.16622100169,0.714900876866,1.27298507782,1.13222869673
565,0.672467042556,0.53061905179,0.748817340363,0.623234039181
566,0.576907551833,0.654770466943,0.582003908132,0.550572597265
567,1.04476582718,0.68440048054,1.15525188126,0.994732533542
568,0.281171638268,0.357355470689,0.236093533814,0.302633153562
569,0.832700352058,0.59292282221,0.923024933863,0.784995333078
570,0.7030277357,0.989432432955,0.600792007098,0.717231773929
571,0.345466392266,0.414758387367,0.329956528975,0.343131462844
572,0.284499748697,0.332597726062,0.263117282002,0.291817960557
573,0.415694285143,0.588554640059,0.354806423728,0.429126834239
574,0.819413644825,0.921515426961,0.828743521892,0.777094327119
575,0.281149673012,0.36733145673,0.249306713013,0.290135058226
576,1.13089776482,0.703724405641,1.23432421285,1.09674042828
577,0.540466664537,0.430758210675,0.570914661274,0.528517227026
578,0.773749514128,0.542708729029,0.846977651056,0.741277812986
579,0.725436576649,0.93944680662,0.671088484882,0.716138229222
580,0.72088520558,0.925543929229,0.669376769832,0.711435963151
581,0.719848444462,0.943187772953,0.660132135597,0.713115439071
582,0.406792287622,0.600534556931,0.331416325013,0.427858041866
583,0.41480546891,0.5750224241,0.358714536765,0.426889094112
584,0.454233427709,0.411908237058,0.479352638308,0.43631921581
585,0.480027681448,0.608711527545,0.4472804378,0.477810757179
586,1.10496913876,0.694390730486,1.20573520049,1.07105340819
587,0.736394999851,0.920502187586,0.700550190769,0.717862994556
588,0.685000802145,0.978832076223,0.571724212791,0.706878965808
589,0.736951319259,0.538047168586,0.801674397985,0.707145142729
590,0.915337281498,0.59322213622,0.997026056288,0.887986341383
591,0.680348653607,0.526051549201,0.747773623873,0.641331777092
592,0.498864083383,0.42385271503,0.520355991431,0.489131727799
593,1.05754844893,0.673818666764,1.15202121002,1.0259164346
594,0.862311697355,0.910588463983,0.902245390338,0.802797135204
595,0.723458555159,0.927090712445,0.668823515503,0.71671423332
596,0.948375577564,0.651994422024,1.04994465509,0.897678560092
597,0.729655856143,0.9163127466,0.689230473994,0.714625338398
598,0.776579355585,0.921037470379,0.761610100245,0.7476099763
599,0.49570469233,0.600262713652,0.475747631349,0.487276970424
600,0.285333436326,0.355271199401,0.24117322813,0.307119253796
601,1.23243323016,0.73996525457,1.34796452875,1.19566556815
602,0.727645515307,0.940553006428,0.672273097224,0.719353748516
603,1.09452500174,0.696209901066,1.20360825406,1.05115941631
604,0.515532526532,0.609165131526,0.504965603061,0.500915452023
605,0.472283902926,0.407448910689,0.488693812491,0.465495305281
606,0.992881439342,0.6745013751,1.11093980197,0.929519685869
607,0.683313512429,0.956651183419,0.582880017457,0.699651691882
608,0.714115404589,0.953711793352,0.644951758309,0.711733390862
609,0.721670349718,0.977187212321,0.641401118153,0.724507506028
610,0.739106146658,0.544277463323,0.812685163918,0.700631693282
611,0.283011814623,0.331852184523,0.260486699858,0.291151062824
612,1.00813024338,0.665916773082,1.11089891943,0.962976178299
613,0.896611722023,0.602780088587,0.983807377702,0.859870213065
614,0.804487792644,0.899942932411,0.818835098988,0.759688862001
615,0.809901541226,0.961755770138,0.797946811292,0.775580193333
616,1.22887715245,0.739011623674,1.34526002124,1.19097941958
617,0.830841601279,0.557783280501,0.902981617004,0.805405762509
618,1.14402389081,0.717563826408,1.25842588312,1.09933008674
619,0.695900440907,1.01681177082,0.568867803831,0.722110887061
620,0.531212857111,0.468184280241,0.577748194751,0.497035466462
621,0.655254862398,0.564886916795,0.724603472101,0.603073519964
622,0.730621549848,0.536366432683,0.806638551474,0.690033021963
623,1.14667036821,0.70624070769,1.25118435814,1.11337775292
624,1.10753466334,0.693077315522,1.20807402064,1.0744220361
625,0.868092548993,0.944236354954,0.895634045992,0.813545789201
626,0.668098401491,0.531712043442,0.743488184849,0.618820474431
627,0.714033063623,0.932585834173,0.654770237467,0.708170684921
628,1.07877744268,0.696556218643,1.1982888029,1.02326775165
629,0.694593848648,1.01888461963,0.564248810007,0.722662134577
630,1.20094129836,0.736225803425,1.31635162659,1.16039575719
631,0.5434713459,0.641617628384,0.535201591274,0.525327680481
632,0.499589698147,0.421549487826,0.52122906671,0.490255847198
633,0.258392741461,0.359245138322,0.210006369925,0.27837379948
634,1.12001890248,0.707578833346,1.23914385457,1.06911312058
635,0.70000024764,0.989624364503,0.594721809334,0.716001258746
636,0.765535739191,0.917559954109,0.747899490752,0.737580779837
637,0.671630642192,0.538452020652,0.733938830923,0.633516943494
638,0.558847722336,0.620015378126,0.568410066549,0.532457223481
639,0.712111907572,0.951868392665,0.638814819401,0.713113659567
640,1.01538532049,0.667915156937,1.11642228317,0.972563340662
641,0.502695437354,0.633340835456,0.474702288987,0.495604529238
642,0.541697638106,0.637488760918,0.53582308161,0.522034635372
643,0.834578505609,0.668811516057,0.933214063091,0.765161549868
644,0.656061576573,0.484239465363,0.703444636936,0.638300900781
645,0.928869510002,0.615372092977,1.01693607565,0.894015176792
646,0.843541891665,0.560688067698,0.916141480782,0.819107105391
647,0.414100761445,0.615629502026,0.332113036737,0.438679102591
648,0.696800121713,0.990758502714,0.590069076366,0.713103375245
649,0.276216960715,0.355036486316,0.234629709893,0.294486185254
650,0.303467275546,0.337566374004,0.273781170211,0.319753608654
651,0.706451891722,0.980446277921,0.61045701577,0.718326724843
652,0.714782826716,0.976925018285,0.630971405981,0.719252446144
653,0.607248217947,0.551604737882,0.667880475021,0.557412344488
654,1.12740444581,0.709796698181,1.24105569122,1.08230897319
655,0.824530950622,0.962207326931,0.821073184235,0.785454284931
656,0.429241424249,0.612507102043,0.366872940885,0.441485689379
657,0.725066680552,0.537645148337,0.786576972213,0.696314065936
658,0.850716481412,0.562194391265,0.924613719712,0.825953095986
659,0.848654289936,0.970201866719,0.85343733989,0.805068564882
660,0.81125131019,0.909070027722,0.824829382035,0.76639383485
661,0.874994569491,0.980192873167,0.888881657948,0.826031877405
662,0.731748220619,0.537146783476,0.795324545707,0.702304133288
663,1.14643746025,0.707962826741,1.25152952898,1.11229306323
664,0.872567716917,0.981041314552,0.886872808805,0.822599233899
665,0.72443185941,0.948673038271,0.66299989822,0.71874760553
666,0.831286726824,0.938659807568,0.841620533441,0.786531754844
667,0.28783470553,0.3164547284,0.258233681216,0.305222871599
668,0.6957405201,1.02027555238,0.565075478722,0.723959375813
669,0.264774773031,0.345069250054,0.232846567558,0.275141977018
670,0.716098690529,0.946602114119,0.651810016495,0.711668259942
671,0.887215773658,0.627452659179,0.983417712879,0.83639976947
672,0.289192247596,0.314283629859,0.261079229012,0.305981535581
673,0.762064308808,0.582955453879,0.853803498204,0.703535253562
674,0.75154194789,0.912778643808,0.726296081964,0.728529979439
675,0.497406258206,0.631086582163,0.46969089403,0.489603601077
676,1.11580927058,0.706575163369,1.22868860921,1.07027761987
